Empresa,Activos_Millones_Promedio,Activos_Millones_DesvEst,Ingresos_Millones_Promedio,Ingresos_Millones_DesvEst,ROE_Promedio,ROE_DesvEst,Margen_Beneficio_Promedio,Margen_Beneficio_DesvEst
Empresa A,-0.4145734396282147,-1.5243323019451323,-0.7913342527560476,-0.3062107609524778,1.2567116076527416,-1.7044611032571173,-0.644891014415811,0.23243053607582906
Empresa B,-1.168822123443931,-0.2146983769504893,0.1896497310735396,1.598657675458462,-0.791260472867471,0.2882727289284897,1.706112857548141,-1.6850682298898734
Empresa C,0.014390586044944956,1.1126220949189385,-0.9555038196840548,-1.1538252170837826,-1.1509467879685806,0.6413243382507935,-0.7653433188445061,0.565939652853333
Empresa D,1.569004977027203,0.6264085839766824,1.5571883413665615,-0.13862169742220062,0.6854956531833116,0.7748640360778359,-0.2958785242878229,0.8866980409607091
